[
    {
        "title": "Infinity AX Series",
        "slug": "infinity_ax_series",
        "moreLove": true,
        "id": "1",
        "price": 238.85,
        "oldPrice": 245.8,
        "desc": "As smooth as Natural writing. Learning like never before.",
        "images": [
            {
                "img": "/assets/imgs/shop/product-1-1.jpg"
            },
            {
                "img": "/assets/imgs/shop/product-1-2.jpg"
            }
        ],
        "totalSell": 27,
        "gallery": [
            {
                "thumb": "/assets/imgs/shop/product-1-1.jpg"
            },
            {
                "thumb": "/assets/imgs/shop/product-1-1.jpg"
            },
            {
                "thumb": "/assets/imgs/shop/product-1-1.jpg"
            }
        ],
        "condition": false,
        "color": "blue",
        "brand": "armani",
        "category": "Projector",
        "featured": false,
        "trending": true,
        "discount": {
            "percentage": 14,
            "expireDate": null,
            "isActive": true
        },
        "variations": [
            "red",
            "yellow",
            "white",
            "orange",
            "cyan",
            "green",
            "purple"
        ],
        "weight": 150,
        "tags": "women",
        "sizes": "s",
        "stock": 0,
        "review": 10,
        "rating": 3,
        "ratingScore": 90,
        "created": ""
    },
    {
        "title": "Virtual Reality",
        "slug": "virtual-reality",
        "moreLove": true,
        "id": "2",
        "price": 78,
        "desc": "Unleash the potential of young minds with captivating learning experiences",
        "images": [
            {
                "img": "/assets/imgs/shop/product-2-1.jpg"
            },
            {
                "img": "/assets/imgs/shop/product-2-2.jpg"
            }
        ],
        "totalSell": 27,
        "gallery": [
            {
                "thumb": "/assets/imgs/shop/product-2-1.jpg"
            },
            {
                "thumb": "/assets/imgs/shop/product-2-2.jpg"
            },
            {
                "thumb": "/assets/imgs/shop/product-2-1.jpg"
            }
        ],
        "condition": "refurbished",
        "color": "blue",
        "brand": "armani",
        "category": "ConnectivitySolutions",
        "featured": true,
        "trending": false,
        "discount": {
            "percentage": 4,
            "expireDate": null,
            "isActive": false
        },
        "variations": [
            "red",
            "yellow",
            "white",
            "orange",
            "cyan",
            "green",
            "purple"
        ],
        "weight": 150,
        "tags": "women",
        "sizes": "s",
        "review": 10,
        "rating": 4,
        "ratingScore": 90,
        "created": "2021-02-03T06:48:07"
    },
    {
        "title": "Professional Displays",
        "slug": "professional_displays",
        "moreLove": true,
        "id": "3",
        "price": 35,
        "desc": "Upgrade Your Business with Vista Series Professional Displays! Experience the ultimate in visual brilliance and professional performance with our unmatched Vista Series Professional Displays.",
        "images": [
            {
                "img": "/assets/imgs/shop/product-3-1.jpg"
            },
            {
                "img": "/assets/imgs/shop/product-3-2.jpg"
            }
        ],
        "totalSell": 27,
        "gallery": [
            {
                "thumb": "/assets/imgs/shop/product-3-1.jpg"
            },
            {
                "thumb": "/assets/imgs/shop/product-3-2.jpg"
            },
            {
                "thumb": "/assets/imgs/shop/product-3-1.jpg"
            }
        ],
        "condition": "new",
        "color": "blue",
        "brand": "Display Solutions",
        "category": "AVCables",
        "featured": true,
        "trending": true,
        "discount": {
            "percentage": 4,
            "expireDate": null,
            "isActive": false
        },
        "variations": [
            "red",
            "yellow",
            "white",
            "orange",
            "cyan",
            "green",
            "purple"
        ],
        "weight": 150,
        "tags": "shoe",
        "sizes": "s",
        "review": 10,
        "rating": 5,
        "ratingScore": 90,
        "created": ""
    },
    {
        "title": "LCF Series",
        "slug": "lcf-series",
        "moreLove": true,
        "id": "4",
        "price": 55,
        "desc": "Upgrade your indoor visual experience with LCF – the perfect choice for any environment that demands a sophisticated touch. With its advanced features, stylish design, and mesmerizing picture quality, LCF is a leading-edge display that delivers an unparalleled visual experience.",
        "images": [
            {
                "img": "/assets/imgs/shop/product-4-1.jpg"
            },
            {
                "img": "/assets/imgs/shop/product-4-2.jpg"
            }
        ],
        "totalSell": 27,
        "gallery": [
            {
                "thumb": "/assets/imgs/shop/product-4-1.jpg"
            },
            {
                "thumb": "/assets/imgs/shop/product-4-2.jpg"
            },
            {
                "thumb": "/assets/imgs/shop/product-4-1.jpg"
            }
        ],
        "condition": "used",
        "color": "blue",
        "brand": "armani",
        "category": "Mounting",
        "featured": true,
        "trending": false,
        "discount": {
            "percentage": 4,
            "expireDate": null,
            "isActive": true
        },
        "variations": [
            "red",
            "yellow",
            "white",
            "orange",
            "cyan",
            "green",
            "purple"
        ],
        "weight": 150,
        "tags": "women",
        "sizes": "s",
        "review": 10,
        "rating": 4,
        "ratingScore": 90,
        "created": ""
    },
    {
        "title": "LCE Series",
        "slug": "lce-series",
        "moreLove": true,
        "id": "5",
        "price": 110,
        "desc": "Lorem ipsum dolor, sit amet consectetur adipisicing elit. Aliquam rem officia, corrupti reiciendis minima nisi modi, quasi, odio minus dolore impedit fuga eum eligendi? Officia doloremque facere quia. Voluptatum, accusantium!",
        "images": [
            {
                "img": "/assets/imgs/shop/product-5-1.jpg"
            },
            {
                "img": "/assets/imgs/shop/product-5-2.jpg"
            }
        ],
        "totalSell": 27,
        "gallery": [
            {
                "thumb": "/assets/imgs/shop/product-5-1.jpg"
            },
            {
                "thumb": "/assets/imgs/shop/product-5-2.jpg"
            },
            {
                "thumb": "/assets/imgs/shop/product-5-1.jpg"
            }
        ],
        "condition": "refurbished",
        "color": "red",
        "brand": "adidas",
        "category": "Solutions",
        "featured": true,
        "trending": false,
        "discount": {
            "percentage": 4,
            "expireDate": null,
            "isActive": false
        },
        "variations": [
            "red",
            "yellow",
            "white",
            "orange",
            "cyan",
            "green",
            "purple"
        ],
        "weight": 150,
        "tags": "shoe",
        "sizes": "s",
        "review": 10,
        "rating": 5,
        "ratingScore": 90,
        "created": ""
    },
    {
        "title": "Maecenas eget",
        "slug": "maecenas_eget",
        "moreLove": true,
        "id": "16",
        "price": 238.85,
        "oldPrice": 245.8,
        "desc": "Lorem ipsum dolor, sit amet consectetur adipisicing elit. Aliquam rem officia, corrupti reiciendis minima nisi modi, quasi, odio minus dolore impedit fuga eum eligendi? Officia doloremque facere quia. Voluptatum, accusantium!",
        "images": [
            {
                "img": "/assets/imgs/shop/product-1-1.jpg"
            },
            {
                "img": "/assets/imgs/shop/product-1-2.jpg"
            }
        ],
        "totalSell": 27,
        "gallery": [
            {
                "thumb": "/assets/imgs/shop/product-16-1.jpg"
            },
            {
                "thumb": "/assets/imgs/shop/product-16-2.jpg"
            },
            {
                "thumb": "/assets/imgs/shop/product-16-3.jpg"
            },
            {
                "thumb": "/assets/imgs/shop/product-16-4.jpg"
            },
            {
                "thumb": "/assets/imgs/shop/product-16-5.jpg"
            },
            {
                "thumb": "/assets/imgs/shop/product-16-6.jpg"
            },
            {
                "thumb": "/assets/imgs/shop/product-16-7.jpg"
            }
        ],
        "condition": "",
        "color": "blue",
        "brand": "armani",
        "category": "Projector",
        "featured": false,
        "trending": true,
        "discount": {
            "percentage": 14,
            "expireDate": null,
            "isActive": true
        },
        "variations": [
            "red",
            "yellow",
            "white",
            "orange",
            "cyan",
            "green",
            "purple"
        ],
        "weight": 150,
        "tags": "women",
        "sizes": "s",
        "stock": 8,
        "review": 10,
        "rating": 3,
        "ratingScore": 50,
        "created": ""
    }
]
